<?xml version="1.0" encoding="UTF-8"?>
<project xsi:schemaLocation="http://maven.apache.org/POM/4.0.0 https://maven.apache.org/xsd/maven-4.0.0.xsd" xmlns="http://maven.apache.org/POM/4.0.0"
    xmlns:xsi="http://www.w3.org/2001/XMLSchema-instance">
  <modelVersion>4.0.0</modelVersion>
  <parent>
    <groupId>org.springframework.cloud</groupId>
    <artifactId>spring-cloud-build</artifactId>
    <version>3.1.0</version>
    <relativePath></relativePath>
  </parent>
  <groupId>org.springframework.cloud</groupId>
  <artifactId>spring-cloud-gateway</artifactId>
  <version>3.1.0</version>
  <packaging>pom</packaging>
  <name>Spring Cloud Gateway</name>
  <description>Spring Cloud Gateway</description>
  <url>https://spring.io/spring-cloud/spring-cloud-gateway</url>
  <organization>
    <name>Pivotal Software, Inc.</name>
    <url>https://www.spring.io</url>
  </organization>
  <licenses>
    <license>
      <name>Apache License, Version 2.0</name>
      <url>https://www.apache.org/licenses/LICENSE-2.0</url>
    </license>
  </licenses>
  <developers>
    <developer>
      <id>sgibb</id>
      <name>Spencer Gibb</name>
      <email>sgibb at pivotal.io</email>
      <organization>Pivotal Software, Inc.</organization>
      <organizationUrl>https://www.spring.io</organizationUrl>
      <roles>
        <role>Project lead</role>
      </roles>
    </developer>
  </developers>
  <scm>
    <connection>scm:git:git://github.com/spring-cloud/spring-cloud-gateway.git</connection>
    <developerConnection>scm:git:ssh://git@github.com/spring-cloud/spring-cloud-gateway.git</developerConnection>
    <url>https://github.com/spring-cloud/spring-cloud-gateway</url>
  </scm>
  <profiles>
    <profile>
      <id>spring</id>
      <repositories>
        <repository>
          <releases>
            <enabled>false</enabled>
          </releases>
          <snapshots>
            <enabled>true</enabled>
          </snapshots>
          <id>spring-snapshots</id>
          <name>Spring Snapshots</name>
          <url>https://repo.spring.io/libs-snapshot-local</url>
        </repository>
        <repository>
          <snapshots>
            <enabled>false</enabled>
          </snapshots>
          <id>spring-milestones</id>
          <name>Spring Milestones</name>
          <url>https://repo.spring.io/libs-milestone-local</url>
        </repository>
        <repository>
          <snapshots>
            <enabled>false</enabled>
          </snapshots>
          <id>spring-releases</id>
          <name>Spring Releases</name>
          <url>https://repo.spring.io/release</url>
        </repository>
      </repositories>
    </profile>
  </profiles>
</project>
