<?xml version="1.0" encoding="UTF-8"?>
<project xsi:schemaLocation="http://maven.apache.org/POM/4.0.0 https://maven.apache.org/xsd/maven-4.0.0.xsd" xmlns="http://maven.apache.org/POM/4.0.0"
    xmlns:xsi="http://www.w3.org/2001/XMLSchema-instance">
  <modelVersion>4.0.0</modelVersion>
  <parent>
    <groupId>org.springframework.cloud</groupId>
    <artifactId>spring-cloud-gateway</artifactId>
    <version>3.1.0</version>
    <relativePath>..</relativePath>
  </parent>
  <groupId>org.springframework.cloud</groupId>
  <artifactId>spring-cloud-starter-gateway</artifactId>
  <version>3.1.0</version>
  <name>spring-cloud-starter-gateway</name>
  <description>Spring Cloud Starter</description>
  <url>https://projects.spring.io/spring-cloud</url>
  <organization>
    <name>Pivotal Software, Inc.</name>
    <url>https://www.spring.io</url>
  </organization>
  <licenses>
    <license>
      <name>Apache License, Version 2.0</name>
      <url>https://www.apache.org/licenses/LICENSE-2.0</url>
    </license>
  </licenses>
  <developers>
    <developer>
      <id>sgibb</id>
      <name>Spencer Gibb</name>
      <email>sgibb at pivotal.io</email>
      <organization>Pivotal Software, Inc.</organization>
      <organizationUrl>https://www.spring.io</organizationUrl>
      <roles>
        <role>Project lead</role>
      </roles>
    </developer>
  </developers>
  <scm>
    <connection>scm:git:git://github.com/spring-cloud/spring-cloud-gateway.git/spring-cloud-starter-gateway</connection>
    <developerConnection>scm:git:ssh://git@github.com/spring-cloud/spring-cloud-gateway.git/spring-cloud-starter-gateway</developerConnection>
    <url>https://github.com/spring-cloud/spring-cloud-gateway/spring-cloud-starter-gateway</url>
  </scm>
  <dependencies>
    <dependency>
      <groupId>org.springframework.cloud</groupId>
      <artifactId>spring-cloud-starter</artifactId>
      <version>3.1.0</version>
      <scope>compile</scope>
    </dependency>
    <dependency>
      <groupId>org.springframework.cloud</groupId>
      <artifactId>spring-cloud-gateway-server</artifactId>
      <version>3.1.0</version>
      <scope>compile</scope>
    </dependency>
    <dependency>
      <groupId>org.springframework.boot</groupId>
      <artifactId>spring-boot-starter-webflux</artifactId>
      <version>2.6.1</version>
      <scope>compile</scope>
    </dependency>
    <dependency>
      <groupId>org.springframework.cloud</groupId>
      <artifactId>spring-cloud-starter-loadbalancer</artifactId>
      <version>3.1.0</version>
      <scope>compile</scope>
      <optional>true</optional>
    </dependency>
  </dependencies>
</project>
